method,mean_rmse,mean_mape,mean_abs_bias,mean_sd
median,1834.4606355477501,0.6238539627924354,659.4319383508047,1665.1369831606814
weighted,2134.8780783687416,0.7329663510462803,924.2810611617839,1883.7906535180696
classical,2236.1560904892513,0.7808739053330797,950.9760958510196,1966.6576801362858
trimmed,3841.863762284447,1.3825236210693568,2112.229280694559,3168.274759887981
