metodo,rmse_promedio_gamma,mape_promedio_gamma,rmse_promedio_lognormal,mape_promedio_lognormal
mediana,1858.7109958790775,0.6240991906142037,1722.5790307834034,0.5824988455694197
ponderado,2166.3624275129823,0.731587906716265,1949.3420917173064,0.6729353719796288
clasico,2229.1016292388354,0.7726836619979814,2179.235156185282,0.7541508034981453
truncada,3944.8315511044457,1.399324852707378,3420.031858712076,1.2476182001088347
