entorno,metodo,rmse_promedio,mape_promedio,desviacion_estandar_promedio
Escenarios contaminados,clasico,2289.423122277697,0.7911126476646329,2020.9375197385982
Escenarios contaminados,mediana,1904.3191394874675,0.6365638697241235,1734.0506994008158
Escenarios contaminados,ponderado,2221.216656963457,0.7471410200310361,1970.3676272935354
Escenarios contaminados,truncada,4057.3113523738166,1.4359418260139445,3381.9123818103076
Sin contaminación,clasico,600.4213171895647,0.2751010489983961,540.0130967627916
Sin contaminación,mediana,627.2911184525514,0.2875528546463685,569.8795207835893
Sin contaminación,ponderado,685.2982323501769,0.3116538472174398,615.7929409981355
Sin contaminación,truncada,907.8769168314417,0.4106665734300792,762.3297463301552
