metodo,rmse_promedio,mape_promedio,sesgo_absoluto_promedio,desviacion_estandar_promedio
mediana,1858.7109958790775,0.6240991906142037,649.0613474321408,1692.4731573073436
ponderado,2166.3624275129823,0.731587906716265,911.8453901519612,1921.9899599258424
clasico,2229.1016292388354,0.7726836619979814,927.5341700830402,1968.0473617751766
truncada,3944.8315511044457,1.399324852707378,2128.077846007091,3288.3558591145875
